Country,Continent
Albania,Europe
Algeria,Africa
Argentina,South America
Argentina,South America
Argentina,South America
Argentina,South America
Argentina,South America
Argentina,South America
Argentina,South America
Argentina,South America
Argentina,South America
Argentina,South America
Argentina,South America
Argentina,South America
Argentina,South America
Argentina,South America
Argentina,South America
Argentina,South America
Argentina,South America
Argentina,South America
Argentina,South America
Argentina,South America
Argentina,South America
Argentina,South America
Argentina,South America
Argentina,South America
Argentina,South America
Argentina,South America
Argentina,South America
Argentina,South America
Argentina,South America
Argentina,South America
Argentina,South America
Argentina,South America
Argentina,South America
Argentina,South America
Argentina,South America
Argentina,South America
Argentina,South America
Argentina,South America
Argentina,South America
Argentina,South America
Argentina,South America
Argentina,South America
Argentina,South America
Argentina,South America
Argentina,South America
Australia,Oceania and Australia
Australia,Oceania and Australia
Australia,Oceania and Australia
Australia,Oceania and Australia
Australia,Oceania and Australia
Australia,Oceania and Australia
Australia,Oceania and Australia
Australia,Oceania and Australia
Australia,Oceania and Australia
Australia,Oceania and Australia
Australia,Oceania and Australia
Australia,Oceania and Australia
Australia,Oceania and Australia
Australia,Oceania and Australia
Australia,Oceania and Australia
Australia,Oceania and Australia
Australia,Oceania and Australia
Australia,Oceania and Australia
Australia,Oceania and Australia
Australia,Oceania and Australia
Australia,Oceania and Australia
Australia,Oceania and Australia
Australia,Oceania and Australia
Australia,Oceania and Australia
Australia,Oceania and Australia
Australia,Oceania and Australia
Australia,Oceania and Australia
Australia,Oceania and Australia
Australia,Oceania and Australia
Australia,Oceania and Australia
Australia,Oceania and Australia
Australia,Oceania and Australia
Australia,Oceania and Australia
Australia,Oceania and Australia
Australia,Oceania and Australia
Australia,Oceania and Australia
Australia,Oceania and Australia
Australia,Oceania and Australia
Australia,Oceania and Australia
Australia,Oceania and Australia
Australia,Oceania and Australia
Australia,Oceania and Australia
Australia,Oceania and Australia
Australia,Oceania and Australia
Australia,Oceania and Australia
Australia,Oceania and Australia
Australia,Oceania and Australia
Austria,Europe
Austria,Europe
Austria,Europe
Austria,Europe
Austria,Europe
Bangladesh,Asia
Bangladesh,Asia
Belgium,Europe
Belgium,Europe
Belgium,Europe
Belgium,Europe
Belgium,Europe
Belgium,Europe
Belgium,Europe
Belgium,Europe
Belgium,Europe
Belgium,Europe
Belgium,Europe
Belgium,Europe
Belgium,Europe
Belgium,Europe
Belgium,Europe
Belgium,Europe
Belgium,Europe
Belgium,Europe
Belgium,Europe
Belgium,Europe
Belgium,Europe
Belgium,Europe
Belgium,Europe
Belgium,Europe
Belgium,Europe
Belgium,Europe
Belgium,Europe
Belgium,Europe
Belgium,Europe
Belgium,Europe
Belgium,Europe
Belgium,Europe
Belgium,Europe
Belgium,Europe
Belgium,Europe
Belgium,Europe
Belgium,Europe
Belgium,Europe
Belgium,Europe
Belgium,Europe
Belgium,Europe
Belgium,Europe
Belgium,Europe
Belgium,Europe
Belgium,Europe
Bermuda,North America
Brazil,South America
Brazil,South America
Brazil,South America
Brazil,South America
Brazil,South America
Brazil,South America
Brazil,South America
Brazil,South America
Brazil,South America
Brazil,South America
Brazil,South America
Brazil,South America
Brazil,South America
Brazil,South America
Brazil,South America
Brazil,South America
Brazil,South America
Brazil,South America
Brazil,South America
Brazil,South America
Brazil,South America
Brazil,South America
Brazil,South America
Brazil,South America
Brazil,South America
Brazil,South America
Brazil,South America
Brazil,South America
Brazil,South America
Brazil,South America
Brazil,South America
Bulgaria,Europe
Bulgaria,Europe
Bulgaria,Europe
Bulgaria,Europe
Bulgaria,Europe
Bulgaria,Europe
Cambodia,Asia
Cambodia,Asia
Cambodia,Asia
Canada,North America
Canada,North America
Canada,North America
Canada,North America
Canada,North America
Canada,North America
Canada,North America
Canada,North America
Canada,North America
Canada,North America
Canada,North America
Canada,North America
Canada,North America
Canada,North America
Canada,North America
Canada,North America
Canada,North America
Canada,North America
Canada,North America
Canada,North America
Canada,North America
Canada,North America
Canada,North America
Canada,North America
Canada,North America
Canada,North America
Canada,North America
Canada,North America
Canada,North America
Canada,North America
Canada,North America
Canada,North America
Canada,North America
Canada,North America
Canada,North America
Canada,North America
Canada,North America
Canada,North America
Canada,North America
Canada,North America
Canada,North America
Canada,North America
Canada,North America
Canada,North America
Canada,North America
Canada,North America
Canada,North America
Canada,North America
Canada,North America
Canada,North America
Canada,North America
Canada,North America
Canada,North America
Canada,North America
Canada,North America
Canada,North America
Canada,North America
Canada,North America
Canada,North America
Canada,North America
Canada,North America
Canada,North America
Canada,North America
Canada,North America
Canada,North America
Canada,North America
Canada,North America
Canada,North America
Canada,North America
Canada,North America
Canada,North America
Canada,North America
Canada,North America
Canada,North America
Canada,North America
Canada,North America
Canada,North America
Canada,North America
Canada,North America
Canada,North America
Canada,North America
Canada,North America
Canada,North America
Canada,North America
Canada,North America
Canada,North America
Canada,North America
Canada,North America
Canada,North America
Canada,North America
Canada,North America
Canada,North America
Canada,North America
Canada,North America
Canada,North America
Canada,North America
Canada,North America
Canada,North America
Canada,North America
Canada,North America
Canada,North America
Canada,North America
Canada,North America
Canada,North America
Canada,North America
Canada,North America
Canada,North America
Canada,North America
Canada,North America
Canada,North America
Canada,North America
Canada,North America
Canada,North America
Canada,North America
Canada,North America
Canada,North America
Canada,North America
Canada,North America
Canada,North America
Canada,North America
Canada,North America
Canada,North America
Canada,North America
Canada,North America
Canada,North America
Canada,North America
Canada,North America
Canada,North America
Canada,North America
Canada,North America
Canada,North America
Canada,North America
Canada,North America
Canada,North America
Canada,North America
Canada,North America
Canada,North America
Canada,North America
Canada,North America
Canada,North America
Canada,North America
Canada,North America
Canada,North America
Canada,North America
Canada,North America
Canada,North America
Canada,North America
Canada,North America
Canada,North America
Canada,North America
Canada,North America
Canada,North America
Canada,North America
Canada,North America
Canada,North America
Canada,North America
Canada,North America
Canada,North America
Canada,North America
Canada,North America
Canada,North America
Canada,North America
Canada,North America
Canada,North America
Canada,North America
Canada,North America
Canada,North America
Canada,North America
Canada,North America
Canada,North America
Canada,North America
Canada,North America
Canada,North America
Canada,North America
Cayman Islands,North America
Chile,South America
Chile,South America
Chile,South America
Chile,South America
Chile,South America
Chile,South America
Chile,South America
Chile,South America
Chile,South America
Chile,South America
Chile,South America
Chile,South America
Chile,South America
Chile,South America
Chile,South America
Chile,South America
China,Asia
China,Asia
China,Asia
China,Asia
China,Asia
China,Asia
China,Asia
China,Asia
China,Asia
China,Asia
China,Asia
China,Asia
China,Asia
China,Asia
China,Asia
China,Asia
China,Asia
China,Asia
China,Asia
China,Asia
China,Asia
China,Asia
China,Asia
China,Asia
China,Asia
China,Asia
China,Asia
China,Asia
China,Asia
China,Asia
China,Asia
China,Asia
China,Asia
China,Asia
China,Asia
China,Asia
China,Asia
China,Asia
China,Asia
China,Asia
China,Asia
China,Asia
China,Asia
China,Asia
China,Asia
China,Asia
China,Asia
China,Asia
China,Asia
China,Asia
China,Asia
China,Asia
China,Asia
China,Asia
China,Asia
China,Asia
China,Asia
China,Asia
China,Asia
China,Asia
China,Asia
China,Asia
China,Asia
China,Asia
China,Asia
China,Asia
China,Asia
China,Asia
China,Asia
China,Asia
Colombia,South America
Colombia,South America
Colombia,South America
Colombia,South America
Colombia,South America
Colombia,South America
Colombia,South America
Colombia,South America
Colombia,South America
Croatia,Europe
Croatia,Europe
Croatia,Europe
Czech Republic,Europe
Czech Republic,Europe
Czech Republic,Europe
Czech Republic,Europe
Czech Republic,Europe
Denmark,Europe
Denmark,Europe
Denmark,Europe
Denmark,Europe
Denmark,Europe
Denmark,Europe
Denmark,Europe
Denmark,Europe
Denmark,Europe
Denmark,Europe
Denmark,Europe
Denmark,Europe
Denmark,Europe
Denmark,Europe
Denmark,Europe
Denmark,Europe
Dominican Republic,North America
East Germany,Europe
Ecuador,South America
Egypt,Africa
Egypt,Africa
Egypt,Africa
Egypt,Africa
Egypt,Africa
Egypt,Africa
Egypt,Africa
Egypt,Africa
Egypt,Africa
Egypt,Africa
Egypt,Africa
Egypt,Africa
Egypt,Africa
Egypt,Africa
Egypt,Africa
Egypt,Africa
Egypt,Africa
Egypt,Africa
Egypt,Africa
Egypt,Africa
Egypt,Africa
Egypt,Africa
Egypt,Africa
Egypt,Africa
Egypt,Africa
Egypt,Africa
Egypt,Africa
Egypt,Africa
Egypt,Africa
Egypt,Africa
Egypt,Africa
Egypt,Africa
Egypt,Africa
Egypt,Africa
Egypt,Africa
Egypt,Africa
Egypt,Africa
Egypt,Africa
Egypt,Africa
Egypt,Africa
Egypt,Africa
Egypt,Africa
Egypt,Africa
Egypt,Africa
Egypt,Africa
Egypt,Africa
Egypt,Africa
Egypt,Africa
Egypt,Africa
Egypt,Africa
Egypt,Africa
Egypt,Africa
Egypt,Africa
Egypt,Africa
Egypt,Africa
Egypt,Africa
Egypt,Africa
Egypt,Africa
Egypt,Africa
Egypt,Africa
Egypt,Africa
Egypt,Africa
Egypt,Africa
Egypt,Africa
Egypt,Africa
Egypt,Africa
Egypt,Africa
Egypt,Africa
Egypt,Africa
Egypt,Africa
Egypt,Africa
Egypt,Africa
Egypt,Africa
Egypt,Africa
Egypt,Africa
Egypt,Africa
Finland,Europe
Finland,Europe
Finland,Europe
France,Europe
France,Europe
France,Europe
France,Europe
France,Europe
France,Europe
France,Europe
France,Europe
France,Europe
France,Europe
France,Europe
France,Europe
France,Europe
France,Europe
France,Europe
France,Europe
France,Europe
France,Europe
France,Europe
France,Europe
France,Europe
France,Europe
France,Europe
France,Europe
France,Europe
France,Europe
France,Europe
France,Europe
France,Europe
France,Europe
France,Europe
France,Europe
France,Europe
France,Europe
France,Europe
France,Europe
France,Europe
France,Europe
France,Europe
France,Europe
France,Europe
France,Europe
France,Europe
France,Europe
France,Europe
France,Europe
France,Europe
France,Europe
France,Europe
France,Europe
France,Europe
France,Europe
France,Europe
France,Europe
France,Europe
France,Europe
France,Europe
France,Europe
France,Europe
France,Europe
France,Europe
France,Europe
France,Europe
France,Europe
France,Europe
France,Europe
France,Europe
France,Europe
France,Europe
France,Europe
France,Europe
France,Europe
France,Europe
France,Europe
France,Europe
France,Europe
France,Europe
France,Europe
France,Europe
France,Europe
France,Europe
France,Europe
France,Europe
France,Europe
France,Europe
France,Europe
France,Europe
France,Europe
France,Europe
France,Europe
France,Europe
France,Europe
France,Europe
France,Europe
France,Europe
France,Europe
France,Europe
France,Europe
France,Europe
France,Europe
France,Europe
France,Europe
France,Europe
France,Europe
France,Europe
France,Europe
France,Europe
France,Europe
France,Europe
France,Europe
France,Europe
France,Europe
France,Europe
France,Europe
France,Europe
France,Europe
France,Europe
France,Europe
France,Europe
France,Europe
France,Europe
France,Europe
France,Europe
France,Europe
France,Europe
France,Europe
France,Europe
France,Europe
France,Europe
France,Europe
France,Europe
France,Europe
France,Europe
France,Europe
France,Europe
France,Europe
France,Europe
France,Europe
France,Europe
France,Europe
France,Europe
France,Europe
France,Europe
France,Europe
France,Europe
France,Europe
France,Europe
France,Europe
France,Europe
France,Europe
France,Europe
France,Europe
France,Europe
France,Europe
France,Europe
France,Europe
France,Europe
France,Europe
France,Europe
France,Europe
France,Europe
France,Europe
France,Europe
France,Europe
France,Europe
France,Europe
France,Europe
France,Europe
France,Europe
France,Europe
France,Europe
France,Europe
Georgia,Asia
Germany,Europe
Germany,Europe
Germany,Europe
Germany,Europe
Germany,Europe
Germany,Europe
Germany,Europe
Germany,Europe
Germany,Europe
Germany,Europe
Germany,Europe
Germany,Europe
Germany,Europe
Germany,Europe
Germany,Europe
Germany,Europe
Germany,Europe
Germany,Europe
Germany,Europe
Germany,Europe
Germany,Europe
Germany,Europe
Germany,Europe
Germany,Europe
Germany,Europe
Germany,Europe
Germany,Europe
Germany,Europe
Germany,Europe
Germany,Europe
Germany,Europe
Germany,Europe
Germany,Europe
Germany,Europe
Germany,Europe
Germany,Europe
Germany,Europe
Germany,Europe
Germany,Europe
Germany,Europe
Germany,Europe
Germany,Europe
Germany,Europe
Germany,Europe
Germany,Europe
Germany,Europe
Germany,Europe
Germany,Europe
Germany,Europe
Germany,Europe
Germany,Europe
Germany,Europe
Germany,Europe
Germany,Europe
Germany,Europe
Germany,Europe
Germany,Europe
Germany,Europe
Germany,Europe
Germany,Europe
Germany,Europe
Germany,Europe
Germany,Europe
Germany,Europe
Germany,Europe
Germany,Europe
Germany,Europe
Germany,Europe
Germany,Europe
Germany,Europe
Germany,Europe
Germany,Europe
Germany,Europe
Germany,Europe
Germany,Europe
Germany,Europe
Germany,Europe
Germany,Europe
Germany,Europe
Germany,Europe
Germany,Europe
Germany,Europe
Germany,Europe
Germany,Europe
Germany,Europe
Germany,Europe
Germany,Europe
Germany,Europe
Germany,Europe
Germany,Europe
Germany,Europe
Germany,Europe
Germany,Europe
Germany,Europe
Germany,Europe
Germany,Europe
Germany,Europe
Ghana,Africa
Ghana,Africa
Ghana,Africa
Ghana,Africa
Greece,Europe
Greece,Europe
Guatemala,North America
Hong Kong,Asia
Hong Kong,Asia
Hong Kong,Asia
Hong Kong,Asia
Hong Kong,Asia
Hong Kong,Asia
Hong Kong,Asia
Hong Kong,Asia
Hong Kong,Asia
Hong Kong,Asia
Hong Kong,Asia
Hong Kong,Asia
Hong Kong,Asia
Hong Kong,Asia
Hong Kong,Asia
Hong Kong,Asia
Hong Kong,Asia
Hong Kong,Asia
Hong Kong,Asia
Hong Kong,Asia
Hong Kong,Asia
Hong Kong,Asia
Hong Kong,Asia
Hong Kong,Asia
Hong Kong,Asia
Hong Kong,Asia
Hong Kong,Asia
Hong Kong,Asia
Hong Kong,Asia
Hong Kong,Asia
Hong Kong,Asia
Hong Kong,Asia
Hong Kong,Asia
Hong Kong,Asia
Hong Kong,Asia
Hong Kong,Asia
Hong Kong,Asia
Hong Kong,Asia
Hong Kong,Asia
Hong Kong,Asia
Hong Kong,Asia
Hong Kong,Asia
Hong Kong,Asia
Hong Kong,Asia
Hong Kong,Asia
Hong Kong,Asia
Hong Kong,Asia
Hong Kong,Asia
Hong Kong,Asia
Hong Kong,Asia
Hong Kong,Asia
Hong Kong,Asia
Hong Kong,Asia
Hong Kong,Asia
Hong Kong,Asia
Hong Kong,Asia
Hong Kong,Asia
Hong Kong,Asia
Hong Kong,Asia
Hong Kong,Asia
Hong Kong,Asia
Hong Kong,Asia
Hong Kong,Asia
Hong Kong,Asia
Hong Kong,Asia
Hong Kong,Asia
Hong Kong,Asia
Hong Kong,Asia
Hong Kong,Asia
Hong Kong,Asia
Hong Kong,Asia
Hong Kong,Asia
Hong Kong,Asia
Hong Kong,Asia
Hong Kong,Asia
Hong Kong,Asia
Hong Kong,Asia
Hong Kong,Asia
Hong Kong,Asia
Hungary,Europe
Hungary,Europe
Hungary,Europe
Hungary,Europe
Hungary,Europe
Hungary,Europe
Hungary,Europe
Iceland,Europe
Iceland,Europe
Iceland,Europe
India,Asia
India,Asia
India,Asia
India,Asia
India,Asia
India,Asia
India,Asia
India,Asia
India,Asia
India,Asia
India,Asia
India,Asia
India,Asia
India,Asia
India,Asia
India,Asia
India,Asia
India,Asia
India,Asia
India,Asia
India,Asia
India,Asia
India,Asia
India,Asia
India,Asia
India,Asia
India,Asia
India,Asia
India,Asia
India,Asia
India,Asia
India,Asia
India,Asia
India,Asia
India,Asia
India,Asia
India,Asia
India,Asia
India,Asia
India,Asia
India,Asia
India,Asia
India,Asia
India,Asia
India,Asia
India,Asia
India,Asia
India,Asia
India,Asia
India,Asia
India,Asia
India,Asia
India,Asia
India,Asia
India,Asia
India,Asia
India,Asia
India,Asia
India,Asia
India,Asia
India,Asia
India,Asia
India,Asia
India,Asia
India,Asia
India,Asia
India,Asia
India,Asia
India,Asia
India,Asia
India,Asia
India,Asia
India,Asia
India,Asia
India,Asia
India,Asia
India,Asia
India,Asia
India,Asia
India,Asia
India,Asia
India,Asia
India,Asia
India,Asia
India,Asia
India,Asia
India,Asia
India,Asia
India,Asia
India,Asia
India,Asia
India,Asia
India,Asia
India,Asia
India,Asia
India,Asia
India,Asia
India,Asia
India,Asia
India,Asia
India,Asia
India,Asia
India,Asia
India,Asia
India,Asia
India,Asia
India,Asia
India,Asia
India,Asia
India,Asia
India,Asia
India,Asia
India,Asia
India,Asia
India,Asia
India,Asia
India,Asia
India,Asia
India,Asia
India,Asia
India,Asia
India,Asia
India,Asia
India,Asia
India,Asia
India,Asia
India,Asia
India,Asia
India,Asia
India,Asia
India,Asia
India,Asia
India,Asia
India,Asia
India,Asia
India,Asia
India,Asia
India,Asia
India,Asia
India,Asia
India,Asia
India,Asia
India,Asia
India,Asia
India,Asia
India,Asia
India,Asia
India,Asia
India,Asia
India,Asia
India,Asia
India,Asia
India,Asia
India,Asia
India,Asia
India,Asia
India,Asia
India,Asia
India,Asia
India,Asia
India,Asia
India,Asia
India,Asia
India,Asia
India,Asia
India,Asia
India,Asia
India,Asia
India,Asia
India,Asia
India,Asia
India,Asia
India,Asia
India,Asia
India,Asia
India,Asia
India,Asia
India,Asia
India,Asia
India,Asia
India,Asia
India,Asia
India,Asia
India,Asia
India,Asia
India,Asia
India,Asia
India,Asia
India,Asia
India,Asia
India,Asia
India,Asia
India,Asia
India,Asia
India,Asia
India,Asia
India,Asia
India,Asia
India,Asia
India,Asia
India,Asia
India,Asia
India,Asia
India,Asia
India,Asia
India,Asia
India,Asia
India,Asia
India,Asia
India,Asia
India,Asia
India,Asia
India,Asia
India,Asia
India,Asia
India,Asia
India,Asia
India,Asia
India,Asia
India,Asia
India,Asia
India,Asia
India,Asia
India,Asia
India,Asia
India,Asia
India,Asia
India,Asia
India,Asia
India,Asia
India,Asia
India,Asia
India,Asia
India,Asia
India,Asia
India,Asia
India,Asia
India,Asia
India,Asia
India,Asia
India,Asia
India,Asia
India,Asia
India,Asia
India,Asia
India,Asia
India,Asia
India,Asia
India,Asia
India,Asia
India,Asia
India,Asia
India,Asia
India,Asia
India,Asia
India,Asia
India,Asia
India,Asia
India,Asia
India,Asia
India,Asia
India,Asia
India,Asia
India,Asia
India,Asia
India,Asia
India,Asia
India,Asia
India,Asia
India,Asia
India,Asia
India,Asia
India,Asia
India,Asia
India,Asia
India,Asia
India,Asia
India,Asia
India,Asia
India,Asia
India,Asia
India,Asia
India,Asia
India,Asia
India,Asia
India,Asia
India,Asia
India,Asia
India,Asia
India,Asia
India,Asia
India,Asia
India,Asia
India,Asia
India,Asia
India,Asia
India,Asia
India,Asia
India,Asia
India,Asia
India,Asia
India,Asia
India,Asia
India,Asia
India,Asia
India,Asia
India,Asia
India,Asia
India,Asia
India,Asia
India,Asia
India,Asia
India,Asia
India,Asia
India,Asia
India,Asia
India,Asia
India,Asia
India,Asia
India,Asia
India,Asia
India,Asia
India,Asia
India,Asia
India,Asia
India,Asia
India,Asia
India,Asia
India,Asia
India,Asia
India,Asia
India,Asia
India,Asia
India,Asia
India,Asia
India,Asia
India,Asia
India,Asia
India,Asia
India,Asia
India,Asia
India,Asia
India,Asia
India,Asia
India,Asia
India,Asia
India,Asia
India,Asia
India,Asia
India,Asia
India,Asia
India,Asia
India,Asia
India,Asia
India,Asia
India,Asia
India,Asia
India,Asia
India,Asia
India,Asia
India,Asia
India,Asia
India,Asia
India,Asia
India,Asia
India,Asia
India,Asia
India,Asia
India,Asia
India,Asia
India,Asia
India,Asia
India,Asia
India,Asia
India,Asia
India,Asia
India,Asia
India,Asia
India,Asia
India,Asia
India,Asia
India,Asia
India,Asia
India,Asia
India,Asia
India,Asia
India,Asia
India,Asia
India,Asia
India,Asia
India,Asia
India,Asia
India,Asia
India,Asia
India,Asia
India,Asia
India,Asia
India,Asia
India,Asia
India,Asia
India,Asia
India,Asia
India,Asia
India,Asia
India,Asia
India,Asia
India,Asia
India,Asia
India,Asia
India,Asia
India,Asia
India,Asia
India,Asia
India,Asia
India,Asia
India,Asia
India,Asia
India,Asia
India,Asia
India,Asia
India,Asia
India,Asia
India,Asia
India,Asia
India,Asia
India,Asia
India,Asia
India,Asia
India,Asia
India,Asia
India,Asia
India,Asia
India,Asia
India,Asia
India,Asia
India,Asia
India,Asia
India,Asia
India,Asia
India,Asia
India,Asia
India,Asia
India,Asia
India,Asia
India,Asia
India,Asia
India,Asia
India,Asia
India,Asia
India,Asia
India,Asia
India,Asia
India,Asia
India,Asia
India,Asia
India,Asia
India,Asia
India,Asia
India,Asia
India,Asia
India,Asia
India,Asia
India,Asia
India,Asia
India,Asia
India,Asia
India,Asia
India,Asia
India,Asia
India,Asia
India,Asia
India,Asia
India,Asia
India,Asia
India,Asia
India,Asia
India,Asia
India,Asia
India,Asia
India,Asia
India,Asia
India,Asia
India,Asia
India,Asia
India,Asia
India,Asia
India,Asia
India,Asia
India,Asia
India,Asia
India,Asia
India,Asia
India,Asia
India,Asia
India,Asia
India,Asia
India,Asia
India,Asia
India,Asia
India,Asia
India,Asia
India,Asia
India,Asia
India,Asia
India,Asia
India,Asia
India,Asia
India,Asia
India,Asia
India,Asia
India,Asia
India,Asia
India,Asia
India,Asia
India,Asia
India,Asia
India,Asia
India,Asia
India,Asia
India,Asia
India,Asia
India,Asia
India,Asia
India,Asia
India,Asia
India,Asia
India,Asia
India,Asia
India,Asia
India,Asia
India,Asia
India,Asia
India,Asia
India,Asia
India,Asia
India,Asia
India,Asia
India,Asia
India,Asia
India,Asia
India,Asia
India,Asia
India,Asia
India,Asia
India,Asia
India,Asia
India,Asia
India,Asia
India,Asia
India,Asia
India,Asia
India,Asia
India,Asia
India,Asia
India,Asia
India,Asia
India,Asia
India,Asia
India,Asia
India,Asia
India,Asia
India,Asia
India,Asia
India,Asia
India,Asia
India,Asia
India,Asia
India,Asia
India,Asia
India,Asia
India,Asia
India,Asia
India,Asia
India,Asia
India,Asia
India,Asia
India,Asia
India,Asia
India,Asia
India,Asia
India,Asia
India,Asia
India,Asia
India,Asia
India,Asia
India,Asia
India,Asia
India,Asia
India,Asia
India,Asia
India,Asia
India,Asia
India,Asia
India,Asia
India,Asia
India,Asia
India,Asia
India,Asia
India,Asia
India,Asia
India,Asia
India,Asia
India,Asia
India,Asia
India,Asia
India,Asia
India,Asia
India,Asia
India,Asia
India,Asia
India,Asia
India,Asia
India,Asia
India,Asia
India,Asia
India,Asia
India,Asia
India,Asia
India,Asia
India,Asia
India,Asia
India,Asia
India,Asia
India,Asia
India,Asia
India,Asia
India,Asia
India,Asia
India,Asia
India,Asia
India,Asia
India,Asia
India,Asia
India,Asia
India,Asia
India,Asia
India,Asia
India,Asia
India,Asia
India,Asia
India,Asia
India,Asia
India,Asia
India,Asia
India,Asia
India,Asia
India,Asia
India,Asia
India,Asia
India,Asia
India,Asia
India,Asia
India,Asia
India,Asia
India,Asia
India,Asia
India,Asia
India,Asia
India,Asia
India,Asia
India,Asia
India,Asia
India,Asia
India,Asia
India,Asia
India,Asia
India,Asia
India,Asia
India,Asia
India,Asia
India,Asia
India,Asia
India,Asia
India,Asia
India,Asia
India,Asia
India,Asia
India,Asia
India,Asia
India,Asia
India,Asia
India,Asia
India,Asia
India,Asia
India,Asia
India,Asia
India,Asia
India,Asia
India,Asia
India,Asia
India,Asia
India,Asia
India,Asia
India,Asia
India,Asia
Indonesia,Asia
Indonesia,Asia
Indonesia,Asia
Indonesia,Asia
Indonesia,Asia
Indonesia,Asia
Indonesia,Asia
Indonesia,Asia
Indonesia,Asia
Indonesia,Asia
Indonesia,Asia
Indonesia,Asia
Indonesia,Asia
Indonesia,Asia
Indonesia,Asia
Indonesia,Asia
Indonesia,Asia
Indonesia,Asia
Indonesia,Asia
Indonesia,Asia
Indonesia,Asia
Indonesia,Asia
Indonesia,Asia
Indonesia,Asia
Indonesia,Asia
Indonesia,Asia
Indonesia,Asia
Indonesia,Asia
Indonesia,Asia
Indonesia,Asia
Indonesia,Asia
Indonesia,Asia
Indonesia,Asia
Indonesia,Asia
Indonesia,Asia
Indonesia,Asia
Indonesia,Asia
Indonesia,Asia
Indonesia,Asia
Indonesia,Asia
Indonesia,Asia
Indonesia,Asia
Indonesia,Asia
Indonesia,Asia
Indonesia,Asia
Indonesia,Asia
Indonesia,Asia
Indonesia,Asia
Indonesia,Asia
Indonesia,Asia
Indonesia,Asia
Indonesia,Asia
Indonesia,Asia
Indonesia,Asia
Indonesia,Asia
Indonesia,Asia
Indonesia,Asia
Indonesia,Asia
Indonesia,Asia
Iran,Asia
Iran,Asia
Iran,Asia
Ireland,Europe
Ireland,Europe
Ireland,Europe
Ireland,Europe
Ireland,Europe
Ireland,Europe
Ireland,Europe
Ireland,Europe
Ireland,Europe
Ireland,Europe
Ireland,Europe
Ireland,Europe
Ireland,Europe
Ireland,Europe
Ireland,Europe
Ireland,Europe
Ireland,Europe
Israel,Asia
Israel,Asia
Israel,Asia
Israel,Asia
Israel,Asia
Israel,Asia
Israel,Asia
Israel,Asia
Israel,Asia
Israel,Asia
Italy,Europe
Italy,Europe
Italy,Europe
Italy,Europe
Italy,Europe
Italy,Europe
Italy,Europe
Italy,Europe
Italy,Europe
Italy,Europe
Italy,Europe
Italy,Europe
Italy,Europe
Italy,Europe
Italy,Europe
Italy,Europe
Italy,Europe
Italy,Europe
Italy,Europe
Italy,Europe
Italy,Europe
Italy,Europe
Italy,Europe
Italy,Europe
Italy,Europe
Italy,Europe
Italy,Europe
Italy,Europe
Italy,Europe
Italy,Europe
Italy,Europe
Jamaica,North America
Japan,Asia
Japan,Asia
Japan,Asia
Japan,Asia
Japan,Asia
Japan,Asia
Japan,Asia
Japan,Asia
Japan,Asia
Japan,Asia
Japan,Asia
Japan,Asia
Japan,Asia
Japan,Asia
Japan,Asia
Japan,Asia
Japan,Asia
Japan,Asia
Japan,Asia
Japan,Asia
Japan,Asia
Japan,Asia
Japan,Asia
Japan,Asia
Japan,Asia
Japan,Asia
Japan,Asia
Japan,Asia
Japan,Asia
Japan,Asia
Japan,Asia
Japan,Asia
Japan,Asia
Japan,Asia
Japan,Asia
Japan,Asia
Japan,Asia
Japan,Asia
Japan,Asia
Japan,Asia
Japan,Asia
Japan,Asia
Japan,Asia
Japan,Asia
Japan,Asia
Japan,Asia
Japan,Asia
Japan,Asia
Japan,Asia
Japan,Asia
Japan,Asia
Japan,Asia
Japan,Asia
Japan,Asia
Japan,Asia
Japan,Asia
Japan,Asia
Japan,Asia
Japan,Asia
Japan,Asia
Japan,Asia
Japan,Asia
Japan,Asia
Japan,Asia
Japan,Asia
Japan,Asia
Japan,Asia
Japan,Asia
Japan,Asia
Japan,Asia
Japan,Asia
Japan,Asia
Japan,Asia
Japan,Asia
Japan,Asia
Japan,Asia
Japan,Asia
Japan,Asia
Jordan,Asia
Jordan,Asia
Jordan,Asia
Jordan,Asia
Jordan,Asia
Jordan,Asia
Kenya,Africa
Kuwait,Asia
Kuwait,Asia
Kuwait,Asia
Kuwait,Asia
Lebanon,Asia
Lebanon,Asia
Lebanon,Asia
Lebanon,Asia
Luxembourg,Europe
Luxembourg,Europe
Luxembourg,Europe
Luxembourg,Europe
Luxembourg,Europe
Luxembourg,Europe
Malawi,Africa
Malaysia,Asia
Malaysia,Asia
Malaysia,Asia
Malaysia,Asia
Malaysia,Asia
Malaysia,Asia
Malaysia,Asia
Malaysia,Asia
Malaysia,Asia
Malaysia,Asia
Malaysia,Asia
Malaysia,Asia
Malaysia,Asia
Malaysia,Asia
Malaysia,Asia
Malta,Europe
Mexico,North America
Mexico,North America
Mexico,North America
Mexico,North America
Mexico,North America
Mexico,North America
Mexico,North America
Mexico,North America
Mexico,North America
Mexico,North America
Mexico,North America
Mexico,North America
Mexico,North America
Mexico,North America
Mexico,North America
Mexico,North America
Mexico,North America
Mexico,North America
Mexico,North America
Mexico,North America
Mexico,North America
Mexico,North America
Mexico,North America
Mexico,North America
Mexico,North America
Mexico,North America
Mexico,North America
Mexico,North America
Mexico,North America
Mexico,North America
Mexico,North America
Mexico,North America
Mexico,North America
Mexico,North America
Mexico,North America
Mexico,North America
Mexico,North America
Mexico,North America
Mexico,North America
Mexico,North America
Mexico,North America
Mexico,North America
Mexico,North America
Mexico,North America
Mexico,North America
Mexico,North America
Mexico,North America
Mexico,North America
Mexico,North America
Mexico,North America
Mexico,North America
Mexico,North America
Mexico,North America
Mexico,North America
Mexico,North America
Mexico,North America
Mexico,North America
Mexico,North America
Mexico,North America
Mexico,North America
Mexico,North America
Mexico,North America
Mexico,North America
Mexico,North America
Mexico,North America
Mexico,North America
Mexico,North America
Mexico,North America
Mexico,North America
Mexico,North America
Mexico,North America
Mexico,North America
Mexico,North America
Montenegro,Europe
Morocco,Africa
Morocco,Africa
Morocco,Africa
Morocco,Africa
Nepal,Asia
Netherlands,Europe
Netherlands,Europe
Netherlands,Europe
Netherlands,Europe
Netherlands,Europe
Netherlands,Europe
Netherlands,Europe
Netherlands,Europe
Netherlands,Europe
Netherlands,Europe
Netherlands,Europe
Netherlands,Europe
Netherlands,Europe
Netherlands,Europe
Netherlands,Europe
Netherlands,Europe
Netherlands,Europe
Netherlands,Europe
Netherlands,Europe
Netherlands,Europe
Netherlands,Europe
Netherlands,Europe
New Zealand,Oceania and Australia
New Zealand,Oceania and Australia
New Zealand,Oceania and Australia
New Zealand,Oceania and Australia
New Zealand,Oceania and Australia
New Zealand,Oceania and Australia
New Zealand,Oceania and Australia
New Zealand,Oceania and Australia
New Zealand,Oceania and Australia
New Zealand,Oceania and Australia
New Zealand,Oceania and Australia
Nigeria,Africa
Nigeria,Africa
Nigeria,Africa
Nigeria,Africa
Nigeria,Africa
Nigeria,Africa
Nigeria,Africa
Nigeria,Africa
Nigeria,Africa
Nigeria,Africa
Nigeria,Africa
Nigeria,Africa
Nigeria,Africa
Nigeria,Africa
Nigeria,Africa
Nigeria,Africa
Nigeria,Africa
Nigeria,Africa
Nigeria,Africa
Nigeria,Africa
Nigeria,Africa
Nigeria,Africa
Nigeria,Africa
Nigeria,Africa
Nigeria,Africa
Nigeria,Africa
Nigeria,Africa
Nigeria,Africa
Nigeria,Africa
Nigeria,Africa
Nigeria,Africa
Nigeria,Africa
Nigeria,Africa
Nigeria,Africa
Nigeria,Africa
Nigeria,Africa
Nigeria,Africa
Nigeria,Africa
Nigeria,Africa
Nigeria,Africa
Nigeria,Africa
Nigeria,Africa
Nigeria,Africa
Nigeria,Africa
Nigeria,Africa
Nigeria,Africa
Nigeria,Africa
Nigeria,Africa
Norway,Europe
Norway,Europe
Norway,Europe
Norway,Europe
Norway,Europe
Norway,Europe
Norway,Europe
Norway,Europe
Pakistan,Asia
Pakistan,Asia
Pakistan,Asia
Pakistan,Asia
Pakistan,Asia
Pakistan,Asia
Pakistan,Asia
Pakistan,Asia
Pakistan,Asia
Pakistan,Asia
Pakistan,Asia
Pakistan,Asia
Pakistan,Asia
Pakistan,Asia
Pakistan,Asia
Pakistan,Asia
Paraguay,South America
Peru,South America
Peru,South America
Peru,South America
Peru,South America
Peru,South America
Peru,South America
Peru,South America
Philippines,Asia
Philippines,Asia
Philippines,Asia
Philippines,Asia
Philippines,Asia
Philippines,Asia
Philippines,Asia
Philippines,Asia
Philippines,Asia
Philippines,Asia
Philippines,Asia
Philippines,Asia
Philippines,Asia
Philippines,Asia
Philippines,Asia
Philippines,Asia
Philippines,Asia
Philippines,Asia
Philippines,Asia
Philippines,Asia
Philippines,Asia
Philippines,Asia
Philippines,Asia
Philippines,Asia
Philippines,Asia
Philippines,Asia
Philippines,Asia
Philippines,Asia
Philippines,Asia
Philippines,Asia
Philippines,Asia
Philippines,Asia
Philippines,Asia
Philippines,Asia
Philippines,Asia
Philippines,Asia
Philippines,Asia
Philippines,Asia
Philippines,Asia
Philippines,Asia
Philippines,Asia
Philippines,Asia
Philippines,Asia
Philippines,Asia
Philippines,Asia
Philippines,Asia
Philippines,Asia
Poland,Europe
Poland,Europe
Poland,Europe
Poland,Europe
Poland,Europe
Poland,Europe
Poland,Europe
Poland,Europe
Poland,Europe
Poland,Europe
Poland,Europe
Poland,Europe
Poland,Europe
Poland,Europe
Poland,Europe
Poland,Europe
Poland,Europe
Poland,Europe
Poland,Europe
Poland,Europe
Poland,Europe
Poland,Europe
Portugal,Europe
Portugal,Europe
Portugal,Europe
Qatar,Asia
Qatar,Asia
Qatar,Asia
Qatar,Asia
Qatar,Asia
Qatar,Asia
Qatar,Asia
Romania,Europe
Romania,Europe
Romania,Europe
Romania,Europe
Romania,Europe
Romania,Europe
Romania,Europe
Romania,Europe
Romania,Europe
Romania,Europe
Russia,Europe
Russia,Europe
Russia,Europe
Saudi Arabia,Europe
Saudi Arabia,Europe
Saudi Arabia,Europe
Saudi Arabia,Europe
Saudi Arabia,Europe
Senegal,Africa
Serbia,Europe
Serbia,Europe
Serbia,Europe
Serbia,Europe
Singapore,Asia
Singapore,Asia
Singapore,Asia
Singapore,Asia
Singapore,Asia
Singapore,Asia
Singapore,Asia
Singapore,Asia
Singapore,Asia
Singapore,Asia
Singapore,Asia
Singapore,Asia
Singapore,Asia
Singapore,Asia
Singapore,Asia
Slovakia,Europe
Slovenia,Europe
Slovenia,Europe
South Africa,Africa
South Africa,Africa
South Africa,Africa
South Africa,Africa
South Africa,Africa
South Africa,Africa
South Africa,Africa
South Africa,Africa
South Africa,Africa
South Africa,Africa
South Africa,Africa
South Africa,Africa
South Africa,Africa
South Africa,Africa
South Africa,Africa
South Africa,Africa
South Africa,Africa
South Africa,Africa
South Africa,Africa
South Africa,Africa
South Africa,Africa
South Africa,Africa
South Korea,Asia
South Korea,Asia
South Korea,Asia
South Korea,Asia
South Korea,Asia
South Korea,Asia
South Korea,Asia
South Korea,Asia
South Korea,Asia
South Korea,Asia
South Korea,Asia
South Korea,Asia
South Korea,Asia
South Korea,Asia
South Korea,Asia
South Korea,Asia
South Korea,Asia
South Korea,Asia
South Korea,Asia
South Korea,Asia
South Korea,Asia
South Korea,Asia
South Korea,Asia
South Korea,Asia
South Korea,Asia
South Korea,Asia
South Korea,Asia
South Korea,Asia
South Korea,Asia
South Korea,Asia
South Korea,Asia
South Korea,Asia
South Korea,Asia
South Korea,Asia
Soviet Union,Europe
Soviet Union,Europe
Soviet Union,Europe
Spain,Europe
Spain,Europe
Spain,Europe
Spain,Europe
Spain,Europe
Spain,Europe
Spain,Europe
Spain,Europe
Spain,Europe
Spain,Europe
Spain,Europe
Spain,Europe
Spain,Europe
Spain,Europe
Spain,Europe
Spain,Europe
Spain,Europe
Spain,Europe
Spain,Europe
Spain,Europe
Spain,Europe
Spain,Europe
Spain,Europe
Spain,Europe
Spain,Europe
Spain,Europe
Spain,Europe
Spain,Europe
Spain,Europe
Spain,Europe
Spain,Europe
Spain,Europe
Spain,Europe
Spain,Europe
Spain,Europe
Spain,Europe
Spain,Europe
Spain,Europe
Spain,Europe
Spain,Europe
Spain,Europe
Spain,Europe
Spain,Europe
Spain,Europe
Spain,Europe
Spain,Europe
Spain,Europe
Spain,Europe
Spain,Europe
Spain,Europe
Spain,Europe
Spain,Europe
Spain,Europe
Spain,Europe
Spain,Europe
Spain,Europe
Spain,Europe
Spain,Europe
Spain,Europe
Spain,Europe
Spain,Europe
Spain,Europe
Spain,Europe
Spain,Europe
Spain,Europe
Spain,Europe
Spain,Europe
Spain,Europe
Spain,Europe
Spain,Europe
Spain,Europe
Spain,Europe
Spain,Europe
Spain,Europe
Spain,Europe
Spain,Europe
Spain,Europe
Spain,Europe
Spain,Europe
Spain,Europe
Spain,Europe
Spain,Europe
Spain,Europe
Spain,Europe
Spain,Europe
Spain,Europe
Spain,Europe
Spain,Europe
Spain,Europe
Spain,Europe
Spain,Europe
Spain,Europe
Spain,Europe
Spain,Europe
Spain,Europe
Spain,Europe
Spain,Europe
Spain,Europe
Spain,Europe
Spain,Europe
Spain,Europe
Spain,Europe
Spain,Europe
Spain,Europe
Spain,Europe
Spain,Europe
Spain,Europe
Spain,Europe
Spain,Europe
Spain,Europe
Spain,Europe
Spain,Europe
Spain,Europe
Spain,Europe
Spain,Europe
Spain,Europe
Spain,Europe
Spain,Europe
Spain,Europe
Spain,Europe
Sri Lanka,Asia
Sweden,Europe
Sweden,Europe
Sweden,Europe
Sweden,Europe
Sweden,Europe
Sweden,Europe
Sweden,Europe
Sweden,Europe
Sweden,Europe
Sweden,Europe
Sweden,Europe
Switzerland,Europe
Switzerland,Europe
Switzerland,Europe
Switzerland,Europe
Switzerland,Europe
Switzerland,Europe
Switzerland,Europe
Switzerland,Europe
Switzerland,Europe
Switzerland,Europe
Switzerland,Europe
Taiwan,Asia
Taiwan,Asia
Taiwan,Asia
Taiwan,Asia
Taiwan,Asia
Taiwan,Asia
Taiwan,Asia
Taiwan,Asia
Taiwan,Asia
Thailand,Asia
Thailand,Asia
Thailand,Asia
Thailand,Asia
Thailand,Asia
Thailand,Asia
Thailand,Asia
Thailand,Asia
Thailand,Asia
Thailand,Asia
Thailand,Asia
Thailand,Asia
Thailand,Asia
Thailand,Asia
Thailand,Asia
Thailand,Asia
Thailand,Asia
Thailand,Asia
Thailand,Asia
Thailand,Asia
Thailand,Asia
Thailand,Asia
Thailand,Asia
Thailand,Asia
Thailand,Asia
Thailand,Asia
Thailand,Asia
Thailand,Asia
Thailand,Asia
Thailand,Asia
Thailand,Asia
Thailand,Asia
Thailand,Asia
Thailand,Asia
Thailand,Asia
Thailand,Asia
Tunisia,Africa
Turkey,Europe
Turkey,Europe
Turkey,Europe
Turkey,Europe
Turkey,Europe
Turkey,Europe
Turkey,Europe
Turkey,Europe
Turkey,Europe
Turkey,Europe
Turkey,Europe
Turkey,Europe
Turkey,Europe
Turkey,Europe
Turkey,Europe
Turkey,Europe
Turkey,Europe
Turkey,Europe
Turkey,Europe
Turkey,Europe
Turkey,Europe
Turkey,Europe
Turkey,Europe
Turkey,Europe
Turkey,Europe
Turkey,Europe
Turkey,Europe
Turkey,Europe
Turkey,Europe
Turkey,Europe
Turkey,Europe
Turkey,Europe
Turkey,Europe
Turkey,Europe
Turkey,Europe
Turkey,Europe
Turkey,Europe
Turkey,Europe
Turkey,Europe
Turkey,Europe
Turkey,Europe
Turkey,Europe
Turkey,Europe
Turkey,Europe
Turkey,Europe
Turkey,Europe
Turkey,Europe
Turkey,Europe
Turkey,Europe
Turkey,Europe
Turkey,Europe
Turkey,Europe
Turkey,Europe
Turkey,Europe
Turkey,Europe
Turkey,Europe
Turkey,Europe
Turkey,Europe
Turkey,Europe
Turkey,Europe
Turkey,Europe
Turkey,Europe
Turkey,Europe
Turkey,Europe
United Arab Emirates,Asia
United Arab Emirates,Asia
United Arab Emirates,Asia
United Arab Emirates,Asia
United Arab Emirates,Asia
United Arab Emirates,Asia
United Arab Emirates,Asia
United Arab Emirates,Asia
United Arab Emirates,Asia
United Arab Emirates,Asia
United Arab Emirates,Asia
United Arab Emirates,Asia
United Arab Emirates,Asia
United Arab Emirates,Asia
United Arab Emirates,Asia
United Arab Emirates,Asia
United Arab Emirates,Asia
United Arab Emirates,Asia
United Arab Emirates,Asia
United Arab Emirates,Asia
United Arab Emirates,Asia
United Arab Emirates,Asia
United Arab Emirates,Asia
United Arab Emirates,Asia
United Kingdom,Europe
United Kingdom,Europe
United Kingdom,Europe
United Kingdom,Europe
United Kingdom,Europe
United Kingdom,Europe
United Kingdom,Europe
United Kingdom,Europe
United Kingdom,Europe
United Kingdom,Europe
United Kingdom,Europe
United Kingdom,Europe
United Kingdom,Europe
United Kingdom,Europe
United Kingdom,Europe
United Kingdom,Europe
United Kingdom,Europe
United Kingdom,Europe
United Kingdom,Europe
United Kingdom,Europe
United Kingdom,Europe
United Kingdom,Europe
United Kingdom,Europe
United Kingdom,Europe
United Kingdom,Europe
United Kingdom,Europe
United Kingdom,Europe
United Kingdom,Europe
United Kingdom,Europe
United Kingdom,Europe
United Kingdom,Europe
United Kingdom,Europe
United Kingdom,Europe
United Kingdom,Europe
United Kingdom,Europe
United Kingdom,Europe
United Kingdom,Europe
United Kingdom,Europe
United Kingdom,Europe
United Kingdom,Europe
United Kingdom,Europe
United Kingdom,Europe
United Kingdom,Europe
United Kingdom,Europe
United Kingdom,Europe
United Kingdom,Europe
United Kingdom,Europe
United Kingdom,Europe
United Kingdom,Europe
United Kingdom,Europe
United Kingdom,Europe
United Kingdom,Europe
United Kingdom,Europe
United Kingdom,Europe
United Kingdom,Europe
United Kingdom,Europe
United Kingdom,Europe
United Kingdom,Europe
United Kingdom,Europe
United Kingdom,Europe
United Kingdom,Europe
United Kingdom,Europe
United Kingdom,Europe
United Kingdom,Europe
United Kingdom,Europe
United Kingdom,Europe
United Kingdom,Europe
United Kingdom,Europe
United Kingdom,Europe
United Kingdom,Europe
United Kingdom,Europe
United Kingdom,Europe
United Kingdom,Europe
United Kingdom,Europe
United Kingdom,Europe
United Kingdom,Europe
United Kingdom,Europe
United Kingdom,Europe
United Kingdom,Europe
United Kingdom,Europe
United Kingdom,Europe
United Kingdom,Europe
United Kingdom,Europe
United Kingdom,Europe
United Kingdom,Europe
United Kingdom,Europe
United Kingdom,Europe
United Kingdom,Europe
United Kingdom,Europe
United Kingdom,Europe
United Kingdom,Europe
United Kingdom,Europe
United Kingdom,Europe
United Kingdom,Europe
United Kingdom,Europe
United Kingdom,Europe
United Kingdom,Europe
United Kingdom,Europe
United Kingdom,Europe
United Kingdom,Europe
United Kingdom,Europe
United Kingdom,Europe
United Kingdom,Europe
United Kingdom,Europe
United Kingdom,Europe
United Kingdom,Europe
United Kingdom,Europe
United Kingdom,Europe
United Kingdom,Europe
United Kingdom,Europe
United Kingdom,Europe
United Kingdom,Europe
United Kingdom,Europe
United Kingdom,Europe
United Kingdom,Europe
United Kingdom,Europe
United Kingdom,Europe
United Kingdom,Europe
United Kingdom,Europe
United Kingdom,Europe
United Kingdom,Europe
United Kingdom,Europe
United Kingdom,Europe
United Kingdom,Europe
United Kingdom,Europe
United Kingdom,Europe
United Kingdom,Europe
United Kingdom,Europe
United Kingdom,Europe
United Kingdom,Europe
United Kingdom,Europe
United Kingdom,Europe
United Kingdom,Europe
United Kingdom,Europe
United Kingdom,Europe
United Kingdom,Europe
United Kingdom,Europe
United Kingdom,Europe
United Kingdom,Europe
United Kingdom,Europe
United Kingdom,Europe
United Kingdom,Europe
United Kingdom,Europe
United Kingdom,Europe
United Kingdom,Europe
United Kingdom,Europe
United Kingdom,Europe
United Kingdom,Europe
United Kingdom,Europe
United Kingdom,Europe
United Kingdom,Europe
United Kingdom,Europe
United Kingdom,Europe
United Kingdom,Europe
United Kingdom,Europe
United Kingdom,Europe
United Kingdom,Europe
United Kingdom,Europe
United Kingdom,Europe
United Kingdom,Europe
United Kingdom,Europe
United Kingdom,Europe
United Kingdom,Europe
United Kingdom,Europe
United Kingdom,Europe
United Kingdom,Europe
United Kingdom,Europe
United Kingdom,Europe
United Kingdom,Europe
United Kingdom,Europe
United Kingdom,Europe
United Kingdom,Europe
United Kingdom,Europe
United Kingdom,Europe
United Kingdom,Europe
United Kingdom,Europe
United Kingdom,Europe
United Kingdom,Europe
United Kingdom,Europe
United Kingdom,Europe
United Kingdom,Europe
United Kingdom,Europe
United Kingdom,Europe
United Kingdom,Europe
United Kingdom,Europe
United Kingdom,Europe
United Kingdom,Europe
United Kingdom,Europe
United Kingdom,Europe
United Kingdom,Europe
United Kingdom,Europe
United Kingdom,Europe
United Kingdom,Europe
United Kingdom,Europe
United Kingdom,Europe
United Kingdom,Europe
United Kingdom,Europe
United Kingdom,Europe
United Kingdom,Europe
United Kingdom,Europe
United Kingdom,Europe
United Kingdom,Europe
United Kingdom,Europe
United Kingdom,Europe
United Kingdom,Europe
United Kingdom,Europe
United Kingdom,Europe
United Kingdom,Europe
United Kingdom,Europe
United Kingdom,Europe
United Kingdom,Europe
United Kingdom,Europe
United Kingdom,Europe
United Kingdom,Europe
United Kingdom,Europe
United Kingdom,Europe
United Kingdom,Europe
United Kingdom,Europe
United Kingdom,Europe
United Kingdom,Europe
United Kingdom,Europe
United Kingdom,Europe
United Kingdom,Europe
United Kingdom,Europe
United Kingdom,Europe
United Kingdom,Europe
United Kingdom,Europe
United Kingdom,Europe
United Kingdom,Europe
United Kingdom,Europe
United Kingdom,Europe
United Kingdom,Europe
United Kingdom,Europe
United Kingdom,Europe
United Kingdom,Europe
United Kingdom,Europe
United Kingdom,Europe
United Kingdom,Europe
United Kingdom,Europe
United Kingdom,Europe
United Kingdom,Europe
United Kingdom,Europe
United Kingdom,Europe
United Kingdom,Europe
United Kingdom,Europe
United States,North America
United States,North America
United States,North America
United States,North America
United States,North America
United States,North America
United States,North America
United States,North America
United States,North America
United States,North America
United States,North America
United States,North America
United States,North America
United States,North America
United States,North America
United States,North America
United States,North America
United States,North America
United States,North America
United States,North America
United States,North America
United States,North America
United States,North America
United States,North America
United States,North America
United States,North America
United States,North America
United States,North America
United States,North America
United States,North America
United States,North America
United States,North America
United States,North America
United States,North America
United States,North America
United States,North America
United States,North America
United States,North America
United States,North America
United States,North America
United States,North America
United States,North America
United States,North America
United States,North America
United States,North America
United States,North America
United States,North America
United States,North America
United States,North America
United States,North America
United States,North America
United States,North America
United States,North America
United States,North America
United States,North America
United States,North America
United States,North America
United States,North America
United States,North America
United States,North America
United States,North America
United States,North America
United States,North America
United States,North America
United States,North America
United States,North America
United States,North America
United States,North America
United States,North America
United States,North America
United States,North America
United States,North America
United States,North America
United States,North America
United States,North America
United States,North America
United States,North America
United States,North America
United States,North America
United States,North America
United States,North America
United States,North America
United States,North America
United States,North America
United States,North America
United States,North America
United States,North America
United States,North America
United States,North America
United States,North America
United States,North America
United States,North America
United States,North America
United States,North America
United States,North America
United States,North America
United States,North America
United States,North America
United States,North America
United States,North America
United States,North America
United States,North America
United States,North America
United States,North America
United States,North America
United States,North America
United States,North America
United States,North America
United States,North America
United States,North America
United States,North America
United States,North America
United States,North America
United States,North America
United States,North America
United States,North America
United States,North America
United States,North America
United States,North America
United States,North America
United States,North America
United States,North America
United States,North America
United States,North America
United States,North America
United States,North America
United States,North America
United States,North America
United States,North America
United States,North America
United States,North America
United States,North America
United States,North America
United States,North America
United States,North America
United States,North America
United States,North America
United States,North America
United States,North America
United States,North America
United States,North America
United States,North America
United States,North America
United States,North America
United States,North America
United States,North America
United States,North America
United States,North America
United States,North America
United States,North America
United States,North America
United States,North America
United States,North America
United States,North America
United States,North America
United States,North America
United States,North America
United States,North America
United States,North America
United States,North America
United States,North America
United States,North America
United States,North America
United States,North America
United States,North America
United States,North America
United States,North America
United States,North America
United States,North America
United States,North America
United States,North America
United States,North America
United States,North America
United States,North America
United States,North America
United States,North America
United States,North America
United States,North America
United States,North America
United States,North America
United States,North America
United States,North America
United States,North America
United States,North America
United States,North America
United States,North America
United States,North America
United States,North America
United States,North America
United States,North America
United States,North America
United States,North America
United States,North America
United States,North America
United States,North America
United States,North America
United States,North America
United States,North America
United States,North America
United States,North America
United States,North America
United States,North America
United States,North America
United States,North America
United States,North America
United States,North America
United States,North America
United States,North America
United States,North America
United States,North America
United States,North America
United States,North America
United States,North America
United States,North America
United States,North America
United States,North America
United States,North America
United States,North America
United States,North America
United States,North America
United States,North America
United States,North America
United States,North America
United States,North America
United States,North America
United States,North America
United States,North America
United States,North America
United States,North America
United States,North America
United States,North America
United States,North America
United States,North America
United States,North America
United States,North America
United States,North America
United States,North America
United States,North America
United States,North America
United States,North America
United States,North America
United States,North America
United States,North America
United States,North America
United States,North America
United States,North America
United States,North America
United States,North America
United States,North America
United States,North America
United States,North America
United States,North America
United States,North America
United States,North America
United States,North America
United States,North America
United States,North America
United States,North America
United States,North America
United States,North America
United States,North America
United States,North America
United States,North America
United States,North America
United States,North America
United States,North America
United States,North America
United States,North America
United States,North America
United States,North America
United States,North America
United States,North America
United States,North America
United States,North America
United States,North America
United States,North America
United States,North America
United States,North America
United States,North America
United States,North America
United States,North America
United States,North America
United States,North America
United States,North America
United States,North America
United States,North America
United States,North America
United States,North America
United States,North America
United States,North America
United States,North America
United States,North America
United States,North America
United States,North America
United States,North America
United States,North America
United States,North America
United States,North America
United States,North America
United States,North America
United States,North America
United States,North America
United States,North America
United States,North America
United States,North America
United States,North America
United States,North America
United States,North America
United States,North America
United States,North America
United States,North America
United States,North America
United States,North America
United States,North America
United States,North America
United States,North America
United States,North America
United States,North America
United States,North America
United States,North America
United States,North America
United States,North America
United States,North America
United States,North America
United States,North America
United States,North America
United States,North America
United States,North America
United States,North America
United States,North America
United States,North America
United States,North America
United States,North America
United States,North America
United States,North America
United States,North America
United States,North America
United States,North America
United States,North America
United States,North America
United States,North America
United States,North America
United States,North America
United States,North America
United States,North America
United States,North America
United States,North America
United States,North America
United States,North America
United States,North America
United States,North America
United States,North America
United States,North America
United States,North America
United States,North America
United States,North America
United States,North America
United States,North America
United States,North America
United States,North America
United States,North America
United States,North America
United States,North America
United States,North America
United States,North America
United States,North America
United States,North America
United States,North America
United States,North America
United States,North America
United States,North America
United States,North America
United States,North America
United States,North America
United States,North America
United States,North America
United States,North America
United States,North America
United States,North America
United States,North America
United States,North America
United States,North America
United States,North America
United States,North America
United States,North America
United States,North America
United States,North America
United States,North America
United States,North America
United States,North America
United States,North America
United States,North America
United States,North America
United States,North America
United States,North America
United States,North America
United States,North America
United States,North America
United States,North America
United States,North America
United States,North America
United States,North America
United States,North America
United States,North America
United States,North America
United States,North America
United States,North America
United States,North America
United States,North America
United States,North America
United States,North America
United States,North America
United States,North America
United States,North America
United States,North America
United States,North America
United States,North America
United States,North America
United States,North America
United States,North America
United States,North America
United States,North America
United States,North America
United States,North America
United States,North America
United States,North America
United States,North America
United States,North America
United States,North America
United States,North America
United States,North America
United States,North America
United States,North America
United States,North America
United States,North America
United States,North America
United States,North America
United States,North America
United States,North America
United States,North America
United States,North America
United States,North America
United States,North America
United States,North America
United States,North America
United States,North America
United States,North America
United States,North America
United States,North America
United States,North America
United States,North America
United States,North America
United States,North America
United States,North America
United States,North America
United States,North America
United States,North America
United States,North America
United States,North America
United States,North America
United States,North America
United States,North America
United States,North America
United States,North America
United States,North America
United States,North America
United States,North America
United States,North America
United States,North America
United States,North America
United States,North America
United States,North America
United States,North America
United States,North America
United States,North America
United States,North America
United States,North America
United States,North America
United States,North America
United States,North America
United States,North America
United States,North America
United States,North America
United States,North America
United States,North America
United States,North America
United States,North America
United States,North America
United States,North America
United States,North America
United States,North America
United States,North America
United States,North America
United States,North America
United States,North America
United States,North America
United States,North America
United States,North America
United States,North America
United States,North America
United States,North America
United States,North America
United States,North America
United States,North America
United States,North America
United States,North America
United States,North America
United States,North America
United States,North America
United States,North America
United States,North America
United States,North America
United States,North America
United States,North America
United States,North America
United States,North America
United States,North America
United States,North America
United States,North America
United States,North America
United States,North America
United States,North America
United States,North America
United States,North America
United States,North America
United States,North America
United States,North America
United States,North America
United States,North America
United States,North America
United States,North America
United States,North America
United States,North America
United States,North America
United States,North America
United States,North America
United States,North America
United States,North America
United States,North America
United States,North America
United States,North America
United States,North America
United States,North America
United States,North America
United States,North America
United States,North America
United States,North America
United States,North America
United States,North America
United States,North America
United States,North America
United States,North America
United States,North America
United States,North America
United States,North America
United States,North America
United States,North America
United States,North America
United States,North America
United States,North America
United States,North America
United States,North America
United States,North America
United States,North America
United States,North America
United States,North America
United States,North America
United States,North America
United States,North America
United States,North America
United States,North America
United States,North America
United States,North America
United States,North America
United States,North America
United States,North America
United States,North America
United States,North America
United States,North America
United States,North America
United States,North America
United States,North America
United States,North America
United States,North America
United States,North America
United States,North America
United States,North America
United States,North America
United States,North America
United States,North America
United States,North America
United States,North America
United States,North America
United States,North America
United States,North America
United States,North America
United States,North America
United States,North America
United States,North America
United States,North America
United States,North America
United States,North America
United States,North America
United States,North America
United States,North America
United States,North America
United States,North America
United States,North America
United States,North America
United States,North America
United States,North America
United States,North America
United States,North America
United States,North America
United States,North America
United States,North America
United States,North America
United States,North America
United States,North America
United States,North America
United States,North America
United States,North America
United States,North America
United States,North America
United States,North America
United States,North America
United States,North America
United States,North America
United States,North America
United States,North America
United States,North America
United States,North America
United States,North America
United States,North America
United States,North America
United States,North America
United States,North America
United States,North America
United States,North America
United States,North America
United States,North America
United States,North America
United States,North America
United States,North America
United States,North America
United States,North America
United States,North America
United States,North America
United States,North America
United States,North America
United States,North America
United States,North America
United States,North America
United States,North America
United States,North America
United States,North America
United States,North America
United States,North America
United States,North America
United States,North America
United States,North America
United States,North America
United States,North America
United States,North America
United States,North America
United States,North America
United States,North America
United States,North America
United States,North America
United States,North America
United States,North America
United States,North America
United States,North America
United States,North America
United States,North America
United States,North America
United States,North America
United States,North America
United States,North America
United States,North America
United States,North America
United States,North America
United States,North America
United States,North America
United States,North America
United States,North America
United States,North America
United States,North America
United States,North America
United States,North America
United States,North America
United States,North America
United States,North America
United States,North America
United States,North America
United States,North America
United States,North America
United States,North America
United States,North America
United States,North America
United States,North America
United States,North America
United States,North America
United States,North America
United States,North America
United States,North America
United States,North America
United States,North America
United States,North America
United States,North America
United States,North America
United States,North America
United States,North America
United States,North America
United States,North America
United States,North America
United States,North America
United States,North America
United States,North America
United States,North America
United States,North America
United States,North America
United States,North America
United States,North America
United States,North America
United States,North America
United States,North America
United States,North America
United States,North America
United States,North America
United States,North America
United States,North America
United States,North America
United States,North America
United States,North America
United States,North America
United States,North America
United States,North America
United States,North America
United States,North America
United States,North America
United States,North America
United States,North America
United States,North America
United States,North America
United States,North America
United States,North America
United States,North America
United States,North America
United States,North America
United States,North America
United States,North America
United States,North America
United States,North America
United States,North America
United States,North America
United States,North America
United States,North America
United States,North America
United States,North America
United States,North America
United States,North America
United States,North America
United States,North America
United States,North America
United States,North America
United States,North America
United States,North America
United States,North America
United States,North America
United States,North America
United States,North America
United States,North America
United States,North America
United States,North America
United States,North America
United States,North America
United States,North America
United States,North America
United States,North America
United States,North America
United States,North America
United States,North America
United States,North America
United States,North America
United States,North America
United States,North America
United States,North America
United States,North America
United States,North America
United States,North America
United States,North America
United States,North America
United States,North America
United States,North America
United States,North America
United States,North America
United States,North America
United States,North America
United States,North America
United States,North America
United States,North America
United States,North America
United States,North America
United States,North America
United States,North America
United States,North America
United States,North America
United States,North America
United States,North America
United States,North America
United States,North America
United States,North America
United States,North America
United States,North America
United States,North America
United States,North America
United States,North America
United States,North America
United States,North America
United States,North America
United States,North America
United States,North America
United States,North America
United States,North America
United States,North America
United States,North America
United States,North America
United States,North America
United States,North America
United States,North America
United States,North America
United States,North America
United States,North America
United States,North America
United States,North America
United States,North America
United States,North America
United States,North America
United States,North America
United States,North America
United States,North America
United States,North America
United States,North America
United States,North America
United States,North America
United States,North America
United States,North America
United States,North America
United States,North America
United States,North America
United States,North America
United States,North America
United States,North America
United States,North America
United States,North America
United States,North America
United States,North America
United States,North America
United States,North America
United States,North America
United States,North America
United States,North America
United States,North America
United States,North America
United States,North America
United States,North America
United States,North America
United States,North America
United States,North America
United States,North America
United States,North America
United States,North America
United States,North America
United States,North America
United States,North America
United States,North America
United States,North America
United States,North America
United States,North America
United States,North America
United States,North America
United States,North America
United States,North America
United States,North America
United States,North America
United States,North America
United States,North America
United States,North America
United States,North America
United States,North America
United States,North America
United States,North America
United States,North America
United States,North America
United States,North America
United States,North America
United States,North America
United States,North America
United States,North America
United States,North America
United States,North America
United States,North America
United States,North America
United States,North America
United States,North America
United States,North America
United States,North America
United States,North America
United States,North America
United States,North America
United States,North America
United States,North America
United States,North America
United States,North America
United States,North America
United States,North America
United States,North America
United States,North America
United States,North America
United States,North America
United States,North America
United States,North America
United States,North America
United States,North America
United States,North America
United States,North America
United States,North America
United States,North America
United States,North America
United States,North America
United States,North America
United States,North America
United States,North America
United States,North America
United States,North America
United States,North America
United States,North America
United States,North America
United States,North America
United States,North America
United States,North America
United States,North America
United States,North America
United States,North America
United States,North America
United States,North America
United States,North America
United States,North America
United States,North America
United States,North America
United States,North America
United States,North America
United States,North America
United States,North America
United States,North America
United States,North America
United States,North America
United States,North America
United States,North America
United States,North America
United States,North America
United States,North America
United States,North America
United States,North America
United States,North America
United States,North America
United States,North America
United States,North America
United States,North America
United States,North America
United States,North America
United States,North America
United States,North America
United States,North America
United States,North America
United States,North America
United States,North America
United States,North America
United States,North America
United States,North America
United States,North America
United States,North America
United States,North America
United States,North America
United States,North America
United States,North America
United States,North America
United States,North America
United States,North America
United States,North America
United States,North America
United States,North America
United States,North America
United States,North America
United States,North America
United States,North America
United States,North America
United States,North America
United States,North America
United States,North America
United States,North America
United States,North America
United States,North America
United States,North America
United States,North America
United States,North America
United States,North America
United States,North America
United States,North America
United States,North America
United States,North America
United States,North America
United States,North America
United States,North America
United States,North America
United States,North America
United States,North America
United States,North America
United States,North America
United States,North America
United States,North America
United States,North America
United States,North America
United States,North America
United States,North America
United States,North America
United States,North America
United States,North America
United States,North America
United States,North America
United States,North America
United States,North America
United States,North America
United States,North America
United States,North America
United States,North America
United States,North America
United States,North America
United States,North America
United States,North America
United States,North America
United States,North America
United States,North America
United States,North America
United States,North America
United States,North America
United States,North America
United States,North America
United States,North America
United States,North America
United States,North America
United States,North America
United States,North America
United States,North America
United States,North America
United States,North America
United States,North America
United States,North America
United States,North America
United States,North America
United States,North America
United States,North America
United States,North America
United States,North America
United States,North America
United States,North America
United States,North America
United States,North America
United States,North America
United States,North America
United States,North America
United States,North America
United States,North America
United States,North America
United States,North America
United States,North America
United States,North America
United States,North America
United States,North America
United States,North America
United States,North America
United States,North America
United States,North America
United States,North America
United States,North America
United States,North America
United States,North America
United States,North America
United States,North America
United States,North America
United States,North America
United States,North America
United States,North America
United States,North America
United States,North America
United States,North America
United States,North America
United States,North America
United States,North America
United States,North America
United States,North America
United States,North America
United States,North America
United States,North America
United States,North America
United States,North America
United States,North America
United States,North America
United States,North America
United States,North America
United States,North America
United States,North America
United States,North America
United States,North America
United States,North America
United States,North America
United States,North America
United States,North America
United States,North America
United States,North America
United States,North America
United States,North America
United States,North America
United States,North America
United States,North America
United States,North America
United States,North America
United States,North America
United States,North America
United States,North America
United States,North America
United States,North America
United States,North America
United States,North America
United States,North America
United States,North America
United States,North America
United States,North America
United States,North America
United States,North America
United States,North America
United States,North America
United States,North America
United States,North America
United States,North America
United States,North America
United States,North America
United States,North America
United States,North America
United States,North America
United States,North America
United States,North America
United States,North America
United States,North America
United States,North America
United States,North America
United States,North America
United States,North America
United States,North America
United States,North America
United States,North America
United States,North America
United States,North America
United States,North America
United States,North America
United States,North America
United States,North America
United States,North America
United States,North America
United States,North America
United States,North America
United States,North America
United States,North America
United States,North America
United States,North America
United States,North America
United States,North America
United States,North America
United States,North America
United States,North America
United States,North America
United States,North America
United States,North America
United States,North America
United States,North America
United States,North America
United States,North America
United States,North America
United States,North America
United States,North America
United States,North America
United States,North America
United States,North America
United States,North America
United States,North America
United States,North America
United States,North America
United States,North America
United States,North America
United States,North America
United States,North America
United States,North America
United States,North America
United States,North America
United States,North America
United States,North America
United States,North America
United States,North America
United States,North America
United States,North America
United States,North America
United States,North America
United States,North America
United States,North America
United States,North America
United States,North America
United States,North America
United States,North America
United States,North America
United States,North America
United States,North America
United States,North America
United States,North America
United States,North America
United States,North America
United States,North America
United States,North America
United States,North America
United States,North America
United States,North America
United States,North America
United States,North America
United States,North America
United States,North America
United States,North America
United States,North America
United States,North America
United States,North America
United States,North America
United States,North America
United States,North America
United States,North America
United States,North America
United States,North America
United States,North America
United States,North America
United States,North America
United States,North America
United States,North America
United States,North America
United States,North America
United States,North America
United States,North America
United States,North America
United States,North America
United States,North America
United States,North America
United States,North America
United States,North America
United States,North America
United States,North America
United States,North America
United States,North America
United States,North America
United States,North America
United States,North America
United States,North America
United States,North America
United States,North America
United States,North America
United States,North America
United States,North America
United States,North America
United States,North America
United States,North America
United States,North America
United States,North America
United States,North America
United States,North America
United States,North America
United States,North America
United States,North America
United States,North America
United States,North America
United States,North America
United States,North America
United States,North America
United States,North America
United States,North America
United States,North America
United States,North America
United States,North America
United States,North America
United States,North America
United States,North America
United States,North America
United States,North America
United States,North America
United States,North America
United States,North America
United States,North America
United States,North America
United States,North America
United States,North America
United States,North America
United States,North America
United States,North America
United States,North America
United States,North America
United States,North America
United States,North America
United States,North America
United States,North America
United States,North America
United States,North America
United States,North America
United States,North America
United States,North America
United States,North America
United States,North America
United States,North America
United States,North America
United States,North America
United States,North America
United States,North America
United States,North America
United States,North America
United States,North America
United States,North America
United States,North America
United States,North America
United States,North America
United States,North America
United States,North America
United States,North America
United States,North America
United States,North America
United States,North America
United States,North America
United States,North America
United States,North America
United States,North America
United States,North America
United States,North America
United States,North America
United States,North America
United States,North America
United States,North America
United States,North America
United States,North America
United States,North America
United States,North America
United States,North America
United States,North America
United States,North America
United States,North America
United States,North America
United States,North America
United States,North America
United States,North America
United States,North America
United States,North America
United States,North America
United States,North America
United States,North America
United States,North America
United States,North America
United States,North America
United States,North America
United States,North America
United States,North America
United States,North America
United States,North America
United States,North America
United States,North America
United States,North America
United States,North America
United States,North America
United States,North America
United States,North America
United States,North America
United States,North America
United States,North America
United States,North America
United States,North America
United States,North America
United States,North America
United States,North America
United States,North America
United States,North America
United States,North America
United States,North America
United States,North America
United States,North America
United States,North America
United States,North America
United States,North America
United States,North America
United States,North America
Uruguay,South America
Uruguay,South America
Uruguay,South America
Uruguay,South America
Uruguay,South America
Uruguay,South America
Uruguay,South America
Venezuela,South America
Vietnam,Asia
Vietnam,Asia
Vietnam,Asia
West Germany,Europe
West Germany,Europe
West Germany,Europe
Zimbabwe,Africa
